fi_num,fi_name,fi_ori_name,fi_no_num
1,/2024/05/10/notice004_1.jpg,notice004_1.jpg,4
2,/2024/05/10/notice006_1.jpg,notice006_1.jpg,6
3,/2024/05/10/notice008_1.jpg,notice008_1.jpg,8
4,/2024/05/10/notice009_1.jpg,notice009_1.jpg,9
5,/2024/05/10/notice010_1.png,notice010_1.png,10
6,/2024/05/10/notice011_1.png,notice011_1.png,11
7,/2024/05/10/notice013_1.png,notice013_1.png,13
8,/2024/05/10/notice014_1.png,notice014_1.png,14
9,/2024/05/10/notice016_1.jpg,notice016_1.jpg,16
10,/2024/05/10/notice017_1.jpg,notice017_1.jpg,17
11,/2024/05/10/notice018_1.jpg,notice018_1.jpg,18
12,/2024/05/10/notice019_1.jpg,notice019_1.jpg,19
13,/2024/05/10/notice021_1.jpg,notice021_1.jpg,21
14,/2024/05/10/notice022_1.png,notice022_1.png,22
15,/2024/05/10/notice023_1.png,notice023_1.png,23
16,/2024/05/10/notice025_1.jpg,notice025_1.jpg,25
17,/2024/05/10/notice026_1.jpg,notice026_1.jpg,26
18,/2024/05/10/notice027_1.jpg,notice027_1.jpg,27
19,/2024/05/10/notice028_1.png,notice028_1.png,28
20,/2024/05/10/notice030_1.jpg,notice030_1.jpg,30
21,/2024/05/10/notice031_1.jpg,notice031_1.jpg,31
22,/2024/05/10/notice031_2.jpg,notice031_2.jpg,31
23,/2024/05/10/notice032_1.jpg,notice032_1.jpg,32
24,/2024/05/10/notice033_1.jpg,notice033_1.jpg,33
25,/2024/05/10/notice033_2.jpg,notice033_2.jpg,33
26,/2024/05/10/notice035_1.jpg,notice035_1.jpg,35
27,/2024/05/10/notice037_1.png,notice037_1.png,37
28,/2024/05/10/notice038_1.png,notice038_1.png,38
29,/2024/05/10/notice039_1.jpg,notice039_1.jpg,39
30,/2024/05/10/notice040_1.jpg,notice040_1.jpg,40
31,/2024/05/10/notice041_1.jpg,notice041_1.jpg,41
32,/2024/05/10/notice048_1.jpg,notice048_1.jpg,48
33,/2024/05/10/notice049_1.jpg,notice049_1.jpg,49
