sp_num,sp_name,sp_ori_name,sp_pr_code
1,/2024/05/13/slides_01_01_01.png ,slides_01_01_01.png ,FAB28RDGM5
2,/2024/05/13/slides_01_01_02.png ,slides_01_01_02.png ,FAB28RDGM5
3,/2024/05/13/slides_01_01_03.png ,slides_01_01_03.png ,FAB28RDGM5
4,/2024/05/13/slides_01_02_01.png ,slides_01_02_01.png ,FAB28RDGC5
5,/2024/05/13/slides_01_02_02.png ,slides_01_02_02.png ,FAB28RDGC5
6,/2024/05/13/slides_01_02_03.png ,slides_01_02_03.png ,FAB28RDGC5
7,/2024/05/13/slides_01_03_01.png ,slides_01_03_01.png ,CJF01DGEU
8,/2024/05/13/slides_01_03_02.png ,slides_01_03_02.png ,CJF01DGEU
9,/2024/05/13/slides_01_03_03.png ,slides_01_03_03.png ,CJF01DGEU
10,/2024/05/13/slides_01_04_01.png ,slides_01_04_01.png ,TSF01DGEU
11,/2024/05/13/slides_01_04_02.png ,slides_01_04_02.png ,TSF01DGEU
12,/2024/05/13/slides_01_04_03.png ,slides_01_04_03.png ,TSF01DGEU
13,/2024/05/13/slides_01_05_01.png ,slides_01_05_01.png ,KLF03DGEU
14,/2024/05/13/slides_01_05_02.png ,slides_01_05_02.png ,KLF03DGEU
15,/2024/05/13/slides_01_05_03.png ,slides_01_05_03.png ,KLF03DGEU
16,/2024/05/13/slides_02_01_01.png ,slides_02_01_01.png ,SMEG500R
17,/2024/05/13/slides_02_01_02.png ,slides_02_01_02.png ,SMEG500R
18,/2024/05/13/slides_02_01_03.png ,slides_02_01_03.png ,SMEG500R
19,/2024/05/13/slides_02_02_01.png ,slides_02_02_01.png ,SMEG500G
20,/2024/05/13/slides_02_02_02.png ,slides_02_02_02.png ,SMEG500G
21,/2024/05/13/slides_02_02_03.png ,slides_02_02_03.png ,SMEG500G
22,/2024/05/13/slides_02_03_01.png ,slides_02_03_01.png ,SMEG500V
23,/2024/05/13/slides_02_03_02.png ,slides_02_03_02.png ,SMEG500V
24,/2024/05/13/slides_02_03_03.png ,slides_02_03_03.png ,SMEG500V
25,/2024/05/13/slides_02_04_01.png ,slides_02_04_01.png ,SMEG500BL
26,/2024/05/13/slides_02_04_02.png ,slides_02_04_02.png ,SMEG500BL
27,/2024/05/13/slides_02_04_03.png ,slides_02_04_03.png ,SMEG500BL
28,/2024/05/13/slides_02_05_01.png ,slides_02_05_01.png ,SMEG500B
29,/2024/05/13/slides_02_05_02.png ,slides_02_05_02.png ,SMEG500B
30,/2024/05/13/slides_02_05_03.png ,slides_02_05_03.png ,SMEG500B
31,/2024/05/13/slides_03_01_01.png ,slides_03_01_01.png ,FAB28RDMM5
32,/2024/05/13/slides_03_01_02.png ,slides_03_01_02.png ,FAB28RDMM5
33,/2024/05/13/slides_03_01_03.png ,slides_03_01_03.png ,FAB28RDMM5
34,/2024/05/13/slides_04_01_01.png ,slides_04_01_01.png ,FAB28RDCC5
35,/2024/05/13/slides_04_01_02.png ,slides_04_01_02.png ,FAB28RDCC5
36,/2024/05/13/slides_04_01_03.png,slides_04_01_03.png,FAB28RDCC5
37,/2024/05/13/slides_05_01_01.png ,slides_05_01_01.png ,FA8005RAO5
38,/2024/05/13/slides_05_01_02.png ,slides_05_01_02.png ,FA8005RAO5
39,/2024/05/13/slides_05_01_03.png ,slides_05_01_03.png ,FA8005RAO5
40,/2024/05/13/slides_05_02_01.png ,slides_05_02_01.png ,FA8005RPO5
41,/2024/05/13/slides_05_02_02.png ,slides_05_02_02.png ,FA8005RPO5
42,/2024/05/13/slides_05_02_03.png ,slides_05_02_03.png ,FA8005RPO5
43,/2024/05/13/slides_05_03_01.png ,slides_05_03_01.png ,FA3905RX5
44,/2024/05/13/slides_05_03_02.png ,slides_05_03_02.png ,FA3905RX5
45,/2024/05/13/slides_05_03_03.png ,slides_05_03_03.png ,FA3905RX5
46,/2024/05/13/slides_05_04_01.png ,slides_05_04_01.png ,FAB32RPG3
47,/2024/05/13/slides_05_04_02.png ,slides_05_04_02.png ,FAB32RPG3
48,/2024/05/13/slides_05_04_03.png ,slides_05_04_03.png ,FAB32RPG3
49,/2024/05/13/slides_05_05_01.png ,slides_05_05_01.png ,FAB32RCR5
50,/2024/05/13/slides_05_05_02.png ,slides_05_05_02.png ,FAB32RCR5
51,/2024/05/13/slides_05_05_03.png ,slides_05_05_03.png ,FAB32RCR5
52,/2024/05/13/slides_05_06_01.png ,slides_05_06_01.png ,FAB32RBE5
53,/2024/05/13/slides_05_06_02.png ,slides_05_06_02.png ,FAB32RBE5
54,/2024/05/13/slides_05_06_03.png ,slides_05_06_03.png ,FAB32RBE5
55,/2024/05/13/slides_05_07_01.png ,slides_05_07_01.png ,FAB32RLI5
56,/2024/05/13/slides_05_07_02.png ,slides_05_07_02.png ,FAB32RLI5
57,/2024/05/13/slides_05_07_03.png ,slides_05_07_03.png ,FAB32RLI5
58,/2024/05/13/slides_05_08_01.png ,slides_05_08_01.png ,FAB32RWH5
59,/2024/05/13/slides_05_08_02.png ,slides_05_08_02.png ,FAB32RWH5
60,/2024/05/13/slides_05_08_03.png ,slides_05_08_03.png ,FAB32RWH5
61,/2024/05/13/slides_05_09_01.png ,slides_05_09_01.png ,FAB5RPB5
62,/2024/05/13/slides_05_09_02.png ,slides_05_09_02.png ,FAB5RPB5
63,/2024/05/13/slides_05_09_03.png ,slides_05_09_03.png ,FAB5RPB5
64,/2024/05/13/slides_05_10_01.png ,slides_05_10_01.png ,FAB5RRD5
65,/2024/05/13/slides_05_10_02.png ,slides_05_10_02.png ,FAB5RRD5
66,/2024/05/13/slides_05_10_03.png ,slides_05_10_03.png ,FAB5RRD5
67,/2024/05/13/slides_05_11_01.png ,slides_05_11_01.png ,FAB5RDUJ5
68,/2024/05/13/slides_05_11_02.png ,slides_05_11_02.png ,FAB5RDUJ5
69,/2024/05/13/slides_05_11_03.png ,slides_05_11_03.png ,FAB5RDUJ5
70,/2024/05/13/slides_05_12_01.png ,slides_05_12_01.png ,FAB5RPK5
71,/2024/05/13/slides_05_12_02.png ,slides_05_12_02.png ,FAB5RPK5
72,/2024/05/13/slides_05_12_03.png ,slides_05_12_03.png ,FAB5RPK5
73,/2024/05/13/slides_05_13_01.png ,slides_05_13_01.png ,FAB30ROR5
74,/2024/05/13/slides_05_13_02.png ,slides_05_13_02.png ,FAB30ROR5
75,/2024/05/13/slides_05_13_03.png ,slides_05_13_03.png ,FAB30ROR5
76,/2024/05/13/slides_05_14_01.png ,slides_05_14_01.png ,FAB5ROR5
77,/2024/05/13/slides_05_14_02.png ,slides_05_14_02.png ,FAB5ROR5
78,/2024/05/13/slides_05_14_03.png ,slides_05_14_03.png ,FAB5ROR5
79,/2024/05/13/slides_05_15_01.png ,slides_05_15_01.png ,FAB30RPB5
80,/2024/05/13/slides_05_15_02.png ,slides_05_15_02.png ,FAB30RPB5
81,/2024/05/13/slides_05_15_03.png ,slides_05_15_03.png ,FAB30RPB5
82,/2024/05/13/slides_05_16_01.png ,slides_05_16_01.png ,FAB32ROR5
83,/2024/05/13/slides_05_16_02.png ,slides_05_16_02.png ,FAB32ROR5
84,/2024/05/13/slides_05_16_03.png ,slides_05_16_03.png ,FAB32ROR5
85,/2024/05/13/slides_05_17_01.png ,slides_05_17_01.png ,FAB32RPB5
86,/2024/05/13/slides_05_17_02.png ,slides_05_17_02.png ,FAB32RPB5
87,/2024/05/13/slides_05_17_03.png ,slides_05_17_03.png ,FAB32RPB5
88,/2024/05/13/slides_05_18_01.png ,slides_05_18_01.png ,FAB32RSV5
89,/2024/05/13/slides_05_18_02.png ,slides_05_18_02.png ,FAB32RSV5
90,/2024/05/13/slides_05_18_03.png ,slides_05_18_03.png ,FAB32RSV5
91,/2024/05/13/slides_05_19_01.png ,slides_05_19_01.png ,FAB32RPK5
92,/2024/05/13/slides_05_19_02.png ,slides_05_19_02.png ,FAB32RPK5
93,/2024/05/13/slides_05_19_03.png ,slides_05_19_03.png ,FAB32RPK5
94,/2024/05/13/slides_05_20_01.png ,slides_05_20_01.png ,FAB32RBL5
95,/2024/05/13/slides_05_20_02.png ,slides_05_20_02.png ,FAB32RBL5
96,/2024/05/13/slides_05_20_03.png ,slides_05_20_03.png ,FAB32RBL5
97,/2024/05/13/slides_05_21_01.png ,slides_05_21_01.png ,FAB32RRD5
98,/2024/05/13/slides_05_21_02.png ,slides_05_21_02.png ,FAB32RRD5
99,/2024/05/13/slides_05_21_03.png ,slides_05_21_03.png ,FAB32RRD5
100,/2024/05/13/slides_05_22_01.png ,slides_05_22_01.png ,FAB28ROR5
101,/2024/05/13/slides_05_22_02.png ,slides_05_22_02.png ,FAB28ROR5
102,/2024/05/13/slides_05_22_03.png ,slides_05_22_03.png ,FAB28ROR5
103,/2024/05/13/slides_05_23_01.png ,slides_05_23_01.png ,FAB28RCR5
104,/2024/05/13/slides_05_23_02.png ,slides_05_23_02.png ,FAB28RCR5
105,/2024/05/13/slides_05_23_03.png ,slides_05_23_03.png ,FAB28RCR5
106,/2024/05/13/slides_05_24_01.png ,slides_05_24_01.png ,FAB28RYW5
107,/2024/05/13/slides_05_24_02.png ,slides_05_24_02.png ,FAB28RYW5
108,/2024/05/13/slides_05_24_03.png ,slides_05_24_03.png ,FAB28RYW5
109,/2024/05/13/slides_05_25_01.png ,slides_05_25_01.png ,FAB28RPG5
110,/2024/05/13/slides_05_25_02.png ,slides_05_25_02.png ,FAB28RPG5
111,/2024/05/13/slides_05_25_03.png ,slides_05_25_03.png ,FAB28RPG5
112,/2024/05/13/slides_05_26_01.png ,slides_05_26_01.png ,FAB28RPB5
113,/2024/05/13/slides_05_26_02.png ,slides_05_26_02.png ,FAB28RPB5
114,/2024/05/13/slides_05_26_03.png ,slides_05_26_03.png ,FAB28RPB5
115,/2024/05/13/slides_05_27_01.png ,slides_05_27_01.png ,FAB28RDEG3-6
116,/2024/05/13/slides_05_27_02.png ,slides_05_27_02.png ,FAB28RDEG3-6
117,/2024/05/13/slides_05_27_03.png ,slides_05_27_03.png ,FAB28RDEG3-6
118,/2024/05/13/slides_05_28_01.png ,slides_05_28_01.png ,FAB28RDMC3-6
119,/2024/05/13/slides_05_28_02.png ,slides_05_28_02.png ,FAB28RDMC3-6
120,/2024/05/13/slides_05_28_03.png ,slides_05_28_03.png ,FAB28RDMC3-6
121,/2024/05/13/slides_05_29_01.png ,slides_05_29_01.png ,FAB28RRD5
122,/2024/05/13/slides_05_29_02.png ,slides_05_29_02.png ,FAB28RRD5
123,/2024/05/13/slides_05_29_03.png ,slides_05_29_03.png ,FAB28RRD5
124,/2024/05/13/slides_05_30_01.png ,slides_05_30_01.png ,FAB28RBL5
125,/2024/05/13/slides_05_30_02.png ,slides_05_30_02.png ,FAB28RBL5
126,/2024/05/13/slides_05_30_03.png ,slides_05_30_03.png ,FAB28RBL5
127,/2024/05/13/slides_05_31_01.png ,slides_05_31_01.png ,FAB28RDTP5
128,/2024/05/13/slides_05_31_02.png ,slides_05_31_02.png ,FAB28RDTP5
129,/2024/05/13/slides_05_31_03.png ,slides_05_31_03.png ,FAB28RDTP5
130,/2024/05/13/slides_05_32_01.png ,slides_05_32_01.png ,FAB28RDIT5
131,/2024/05/13/slides_05_32_02.png ,slides_05_32_02.png ,FAB28RDIT5
132,/2024/05/13/slides_05_32_03.png ,slides_05_32_03.png ,FAB28RDIT5
133,/2024/05/13/slides_05_33_01.png ,slides_05_33_01.png ,FAB28RDBLV5
134,/2024/05/13/slides_05_33_02.png ,slides_05_33_02.png ,FAB28RDBLV5
135,/2024/05/13/slides_05_33_03.png ,slides_05_33_03.png ,FAB28RDBLV5
136,/2024/05/13/slides_05_34_01.png ,slides_05_34_01.png ,FAB28RDRB5
137,/2024/05/13/slides_05_34_02.png ,slides_05_34_02.png ,FAB28RDRB5
138,/2024/05/13/slides_05_34_03.png ,slides_05_34_03.png ,FAB28RDRB5
139,/2024/05/13/slides_05_35_01.png ,slides_05_35_01.png ,FAB30RRD5
140,/2024/05/13/slides_05_35_02.png ,slides_05_35_02.png ,FAB30RRD5
141,/2024/05/13/slides_05_35_03.png ,slides_05_35_03.png ,FAB30RRD5
142,/2024/05/13/slides_05_36_01.png ,slides_05_36_01.png ,FAB30RWH5
143,/2024/05/13/slides_05_36_02.png ,slides_05_36_02.png ,FAB30RWH5
144,/2024/05/13/slides_05_36_03.png ,slides_05_36_03.png ,FAB30RWH5
145,/2024/05/13/slides_05_37_01.png ,slides_05_37_01.png ,FAB30RBE5
146,/2024/05/13/slides_05_37_02.png ,slides_05_37_02.png ,FAB30RBE5
147,/2024/05/13/slides_05_37_03.png ,slides_05_37_03.png ,FAB30RBE5
148,/2024/05/13/slides_05_38_01.png ,slides_05_38_01.png ,FAB5RWH5
149,/2024/05/13/slides_05_38_02.png ,slides_05_38_02.png ,FAB5RWH5
150,/2024/05/13/slides_05_38_03.png ,slides_05_38_03.png ,FAB5RWH5
151,/2024/05/13/slides_05_39_01.png ,slides_05_39_01.png ,FAB10RRD5
152,/2024/05/13/slides_05_39_02.png ,slides_05_39_02.png ,FAB10RRD5
153,/2024/05/13/slides_05_39_03.png ,slides_05_39_03.png ,FAB10RRD5
154,/2024/05/13/slides_05_40_01.png ,slides_05_40_01.png ,FAB10RPK5
155,/2024/05/13/slides_05_40_02.png ,slides_05_40_02.png ,FAB10RPK5
156,/2024/05/13/slides_05_40_03.png ,slides_05_40_03.png ,FAB10RPK5
157,/2024/05/13/slides_05_41_01.png ,slides_05_41_01.png ,FAB30RCR5
158,/2024/05/13/slides_05_41_02.png ,slides_05_41_02.png ,FAB30RCR5
159,/2024/05/13/slides_05_41_03.png ,slides_05_41_03.png ,FAB30RCR5
160,/2024/05/13/slides_05_42_01.png ,slides_05_42_01.png ,FAB10RBL5
161,/2024/05/13/slides_05_42_02.png ,slides_05_42_02.png ,FAB10RBL5
162,/2024/05/13/slides_05_42_03.png ,slides_05_42_03.png ,FAB10RBL5
163,/2024/05/13/slides_05_43_01.png ,slides_05_43_01.png ,FAB28RLI5
164,/2024/05/13/slides_05_43_02.png ,slides_05_43_02.png ,FAB28RLI5
165,/2024/05/13/slides_05_43_03.png ,slides_05_43_03.png ,FAB28RLI5
166,/2024/05/13/slides_05_44_01.png ,slides_05_44_01.png ,FAB30RSV5
167,/2024/05/13/slides_05_44_02.png ,slides_05_44_02.png ,FAB30RSV5
168,/2024/05/13/slides_05_44_03.png ,slides_05_44_03.png ,FAB30RSV5
169,/2024/05/13/slides_05_45_01.png ,slides_05_45_01.png ,FAB30RPK5
170,/2024/05/13/slides_05_45_02.png ,slides_05_45_02.png ,FAB30RPK5
171,/2024/05/13/slides_05_45_03.png ,slides_05_45_03.png ,FAB30RPK5
172,/2024/05/13/slides_05_46_01.png ,slides_05_46_01.png ,FAB30RBL5
173,/2024/05/13/slides_05_46_02.png ,slides_05_46_02.png ,FAB30RBL5
174,/2024/05/13/slides_05_46_03.png ,slides_05_46_03.png ,FAB30RBL5
175,/2024/05/13/slides_05_47_01.png ,slides_05_47_01.png ,FAB30RLI5
176,/2024/05/13/slides_05_47_02.png ,slides_05_47_02.png ,FAB30RLI5
177,/2024/05/13/slides_05_47_03.png ,slides_05_47_03.png ,FAB30RLI5
178,/2024/05/13/slides_05_48_01.png ,slides_05_48_01.png ,FAB28RWH5
179,/2024/05/13/slides_05_48_02.png ,slides_05_48_02.png ,FAB28RWH5
180,/2024/05/13/slides_05_48_03.png ,slides_05_48_03.png ,FAB28RWH5
181,/2024/05/13/slides_05_49_01.png ,slides_05_49_01.png ,FAB5RBL5
182,/2024/05/13/slides_05_49_02.png ,slides_05_49_02.png ,FAB5RBL5
183,/2024/05/13/slides_05_49_03.png ,slides_05_49_03.png ,FAB5RBL5
184,/2024/05/13/slides_05_50_01.png ,slides_05_50_01.png ,FAB10ROR5
185,/2024/05/13/slides_05_50_02.png ,slides_05_50_02.png ,FAB10ROR5
186,/2024/05/13/slides_05_50_03.png ,slides_05_50_03.png ,FAB10ROR5
187,/2024/05/13/slides_05_51_01.png ,slides_05_51_01.png ,FAB10RPG5
188,/2024/05/13/slides_05_51_02.png ,slides_05_51_02.png ,FAB10RPG5
189,/2024/05/13/slides_05_51_03.png ,slides_05_51_03.png ,FAB10RPG5
190,/2024/05/13/slides_05_52_01.png ,slides_05_52_01.png ,FAB28RDUJ5
191,/2024/05/13/slides_05_52_02.png ,slides_05_52_02.png ,FAB28RDUJ5
192,/2024/05/13/slides_05_52_03.png,slides_05_52_03.png,FAB28RDUJ5
193,/2024/05/13/slides_06_01_01.png,slides_06_01_01.png,SCV115A
194,/2024/05/13/slides_06_01_02.png,slides_06_01_02.png,SCV115A
195,/2024/05/13/slides_06_01_03.png,slides_06_01_03.png,SCV115A
196,/2024/05/13/slides_07_01_01.png,slides_07_01_01.png,LSP6222SK
197,/2024/05/13/slides_07_01_02.png,slides_07_01_02.png,LSP6222SK
198,/2024/05/13/slides_07_01_03.png,slides_07_01_03.png,LSP6222SK
199,/2024/05/13/slides_07_02_01.png,slides_07_02_01.png,BLV2AZK
200,/2024/05/13/slides_07_02_02.png,slides_07_02_02.png,BLV2AZK
201,/2024/05/13/slides_07_02_03.png,slides_07_02_03.png,BLV2AZK
202,/2024/05/13/slides_07_03_01.png,slides_07_03_01.png,ST2FABCRK2
203,/2024/05/13/slides_07_03_02.png,slides_07_03_02.png,ST2FABCRK2
204,/2024/05/13/slides_07_03_03.png,slides_07_03_03.png,ST2FABCRK2
205,/2024/05/13/slides_07_04_01.png,slides_07_04_01.png,ST2FABBLK2
206,/2024/05/13/slides_07_04_02.png,slides_07_04_02.png,ST2FABBLK2
207,/2024/05/13/slides_07_04_03.png,slides_07_04_03.png,ST2FABBLK2
208,/2024/05/13/slides_08_01_01.png,slides_08_01_01.png,SO6302TX
209,/2024/05/13/slides_08_01_02.png,slides_08_01_02.png,SO6302TX
210,/2024/05/13/slides_08_01_03.png,slides_08_01_03.png,SO6302TX
211,/2024/05/13/slides_08_02_01.png,slides_08_02_01.png,SO6102TB3
212,/2024/05/13/slides_08_02_02.png,slides_08_02_02.png,SO6102TB3
213,/2024/05/13/slides_08_02_03.png,slides_08_02_03.png,SO6102TB3
214,/2024/05/13/slides_08_03_01.png,slides_08_03_01.png,SO6102TG
215,/2024/05/13/slides_08_03_02.png,slides_08_03_02.png,SO6102TG
216,/2024/05/13/slides_08_03_03.png,slides_08_03_03.png,SO6102TG
217,/2024/05/13/slides_08_04_01.png,slides_08_04_01.png,SOP6902S2PX
218,/2024/05/13/slides_08_04_02.png,slides_08_04_02.png,SOP6902S2PX
219,/2024/05/13/slides_08_04_03.png,slides_08_04_03.png,SOP6902S2PX
220,/2024/05/13/slides_08_05_01.png,slides_08_05_01.png,SOP6902S2PP
221,/2024/05/13/slides_08_05_02.png,slides_08_05_02.png,SOP6902S2PP
222,/2024/05/13/slides_08_05_03.png,slides_08_05_03.png,SOP6902S2PP
223,/2024/05/13/slides_08_06_01.png,slides_08_06_01.png,SOP6902S2PN
224,/2024/05/13/slides_08_06_02.png,slides_08_06_02.png,SOP6902S2PN
225,/2024/05/13/slides_08_06_03.png,slides_08_06_03.png,SOP6902S2PN
226,/2024/05/13/slides_08_07_01.png,slides_08_07_01.png,SFP6604PNRE
227,/2024/05/13/slides_08_07_02.png,slides_08_07_02.png,SFP6604PNRE
228,/2024/05/13/slides_08_07_03.png,slides_08_07_03.png,SFP6604PNRE
229,/2024/05/13/slides_08_08_01.png,slides_08_08_01.png,SFP6604PNXE
230,/2024/05/13/slides_08_08_02.png,slides_08_08_02.png,SFP6604PNXE
231,/2024/05/13/slides_08_08_03.png,slides_08_08_03.png,SFP6604PNXE
232,/2024/05/13/slides_08_09_01.png,slides_08_09_01.png,SI964PM
233,/2024/05/13/slides_08_09_02.png,slides_08_09_02.png,SI964PM
234,/2024/05/13/slides_08_09_03.png,slides_08_09_03.png,SI964PM
235,/2024/05/13/slides_08_10_01.png,slides_08_10_01.png,SI964XM
236,/2024/05/13/slides_08_10_02.png,slides_08_10_02.png,SI964XM
237,/2024/05/13/slides_08_10_03.png,slides_08_10_03.png,SI964XM
238,/2024/05/13/slides_08_11_01.png,slides_08_11_01.png,SIM1643DS
239,/2024/05/13/slides_08_11_02.png,slides_08_11_02.png,SIM1643DS
240,/2024/05/13/slides_08_11_03.png,slides_08_11_03.png,SIM1643DS
241,/2024/05/13/slides_08_12_01.png,slides_08_12_01.png,SIM1643DS
242,/2024/05/13/slides_08_12_02.png,slides_08_12_02.png,SIM1643DS
243,/2024/05/13/slides_08_12_03.png,slides_08_12_03.png,SIM1643DS
244,/2024/05/13/slides_09_01_01.png,slides_09_01_01.png,KLF-4WHEU
245,/2024/05/13/slides_09_01_02.png,slides_09_01_02.png,KLF-4WHEU
246,/2024/05/13/slides_09_01_03.png,slides_09_01_03.png,KLF-4WHEU
247,/2024/05/13/slides_09_02_01.png,slides_09_02_01.png,KLF03CREU
248,/2024/05/13/slides_09_02_02.png,slides_09_02_02.png,KLF03CREU
249,/2024/05/13/slides_09_02_03.png,slides_09_02_03.png,KLF03CREU
250,/2024/05/13/slides_09_03_01.png,slides_09_03_01.png,KLF04CREU
251,/2024/05/13/slides_09_03_02.png,slides_09_03_02.png,KLF04CREU
252,/2024/05/13/slides_09_03_03.png,slides_09_03_03.png,KLF04CREU
253,/2024/05/13/slides_09_04_01.png,slides_09_04_01.png,KLF05CREU
254,/2024/05/13/slides_09_04_02.png,slides_09_04_02.png,KLF05CREU
255,/2024/05/13/slides_09_04_03.png,slides_09_04_03.png,KLF05CREU
256,/2024/05/13/slides_09_05_01.png,slides_09_05_01.png,KLF03GOEU
257,/2024/05/13/slides_09_05_02.png,slides_09_05_02.png,KLF03GOEU
258,/2024/05/13/slides_09_05_03.png,slides_09_05_03.png,KLF03GOEU
259,/2024/05/13/slides_09_06_01.png,slides_09_06_01.png,KLF03RGEU
260,/2024/05/13/slides_09_06_02.png,slides_09_06_02.png,KLF03RGEU
261,/2024/05/13/slides_09_06_03.png,slides_09_06_03.png,KLF03RGEU
262,/2024/05/13/slides_09_07_01.png,slides_09_07_01.png,KLF03CHMEU
263,/2024/05/13/slides_09_07_02.png,slides_09_07_02.png,KLF03CHMEU
264,/2024/05/13/slides_09_07_03.png,slides_09_07_03.png,KLF03CHMEU
265,/2024/05/13/slides_09_08_01.png,slides_09_08_01.png,KLF03PGEU
266,/2024/05/13/slides_09_08_02.png,slides_09_08_02.png,KLF03PGEU
267,/2024/05/13/slides_09_08_03.png,slides_09_08_03.png,KLF03PGEU
268,/2024/05/13/slides_09_09_01.png,slides_09_09_01.png,KLF04PGEU
269,/2024/05/13/slides_09_09_02.png,slides_09_09_02.png,KLF04PGEU
270,/2024/05/13/slides_09_09_03.png,slides_09_09_03.png,KLF04PGEU
271,/2024/05/13/slides_09_10_01.png,slides_09_10_01.png,KLF05PGEU
272,/2024/05/13/slides_09_10_02.png,slides_09_10_02.png,KLF05PGEU
273,/2024/05/13/slides_09_10_03.png,slides_09_10_03.png,KLF05PGEU
274,/2024/05/13/slides_09_11_01.png,slides_09_11_01.png,KLF05PBEU
275,/2024/05/13/slides_09_11_02.png,slides_09_11_02.png,KLF05PBEU
276,/2024/05/13/slides_09_11_03.png,slides_09_11_03.png,KLF05PBEU
277,/2024/05/13/slides_09_12_01.png,slides_09_12_01.png,KLF04PKEU
278,/2024/05/13/slides_09_12_02.png,slides_09_12_02.png,KLF04PKEU
279,/2024/05/13/slides_09_12_03.png,slides_09_12_03.png,KLF04PKEU
280,/2024/05/13/slides_09_13_01.png,slides_09_13_01.png,KLF03RDEU
281,/2024/05/13/slides_09_13_02.png,slides_09_13_02.png,KLF03RDEU
282,/2024/05/13/slides_09_13_03.png,slides_09_13_03.png,KLF03RDEU
283,/2024/05/13/slides_09_14_01.png,slides_09_14_01.png,KLF05RDEU
284,/2024/05/13/slides_09_14_02.png,slides_09_14_02.png,KLF05RDEU
285,/2024/05/13/slides_09_14_03.png,slides_09_14_03.png,KLF05RDEU
286,/2024/05/13/slides_09_15_01.png,slides_09_15_01.png,KLF03SSEU
287,/2024/05/13/slides_09_15_02.png,slides_09_15_02.png,KLF03SSEU
288,/2024/05/13/slides_09_15_03.png,slides_09_15_03.png,KLF03SSEU
289,/2024/05/13/slides_09_16_01.png,slides_09_16_01.png,KLF04SSEU
290,/2024/05/13/slides_09_16_02.png,slides_09_16_02.png,KLF04SSEU
291,/2024/05/13/slides_09_16_03.png,slides_09_16_03.png,KLF04SSEU
292,/2024/05/13/slides_09_17_01.png,slides_09_17_01.png,KLF04BLEU
293,/2024/05/13/slides_09_17_02.png,slides_09_17_02.png,KLF04BLEU
294,/2024/05/13/slides_09_17_03.png,slides_09_17_03.png,KLF04BLEU
295,/2024/05/13/slides_09_18_01.png,slides_09_18_01.png,KLF05BLEU
296,/2024/05/13/slides_09_18_02.png,slides_09_18_02.png,KLF05BLEU
297,/2024/05/13/slides_09_18_03.png,slides_09_18_03.png,KLF05BLEU
298,/2024/05/13/slides_09_19_01.png,slides_09_19_01.png,KLF03WHMEU
299,/2024/05/13/slides_09_19_02.png,slides_09_19_02.png,KLF03WHMEU
300,/2024/05/13/slides_09_19_03.png,slides_09_19_03.png,KLF03WHMEU
301,/2024/05/13/slides_09_20_01.png,slides_09_20_01.png,KLF05WHEU
302,/2024/05/13/slides_09_20_02.png,slides_09_20_02.png,KLF05WHEU
303,/2024/05/13/slides_09_20_03.png,slides_09_20_03.png,KLF05WHEU
304,/2024/05/13/slides_09_21_01.png,slides_09_21_01.png,KLF03PKEU
305,/2024/05/13/slides_09_21_02.png,slides_09_21_02.png,KLF03PKEU
306,/2024/05/13/slides_09_21_03.png,slides_09_21_03.png,KLF03PKEU
307,/2024/05/13/slides_09_22_01.png,slides_09_22_01.png,KLF04RDEU
308,/2024/05/13/slides_09_22_02.png,slides_09_22_02.png,KLF04RDEU
309,/2024/05/13/slides_09_22_03.png,slides_09_22_03.png,KLF04RDEU
310,/2024/05/13/slides_09_23_01.png,slides_09_23_01.png,KLF03WHEU
311,/2024/05/13/slides_09_23_02.png,slides_09_23_02.png,KLF03WHEU
312,/2024/05/13/slides_09_23_03.png,slides_09_23_03.png,KLF03WHEU
313,/2024/05/13/slides_09_24_01.png,slides_09_24_01.png,KLF03PBEU
314,/2024/05/13/slides_09_24_02.png,slides_09_24_02.png,KLF03PBEU
315,/2024/05/13/slides_09_24_03.png,slides_09_24_03.png,KLF03PBEU
316,/2024/05/13/slides_09_25_01.png,slides_09_25_01.png,KLF04PBEU
317,/2024/05/13/slides_09_25_02.png,slides_09_25_02.png,KLF04PBEU
318,/2024/05/13/slides_09_25_03.png,slides_09_25_03.png,KLF04PBEU
319,/2024/05/13/slides_09_26_01.png,slides_09_26_01.png,KLF05PKEU
320,/2024/05/13/slides_09_26_02.png,slides_09_26_02.png,KLF05PKEU
321,/2024/05/13/slides_09_26_03.png,slides_09_26_03.png,KLF05PKEU
322,/2024/05/13/slides_09_27_01.png,slides_09_27_01.png,KLF03BLEU
323,/2024/05/13/slides_09_27_02.png,slides_09_27_02.png,KLF03BLEU
324,/2024/05/13/slides_09_27_03.png,slides_09_27_03.png,KLF03BLEU
325,/2024/05/13/slides_09_28_01.png,slides_09_28_01.png,KLF03BLMEU
326,/2024/05/13/slides_09_28_02.png,slides_09_28_02.png,KLF03BLMEU
327,/2024/05/13/slides_09_28_03.png,slides_09_28_03.png,KLF03BLMEU
328,/2024/05/13/slides_09_29_01.png,slides_09_29_01.png,KLF03GREU
329,/2024/05/13/slides_09_29_02.png,slides_09_29_02.png,KLF03GREU
330,/2024/05/13/slides_09_29_03.png,slides_09_29_03.png,KLF03GREU
331,/2024/05/13/slides_10_01_01.png,slides_10_01_01.png,TSF01WHMEU
332,/2024/05/13/slides_10_01_02.png,slides_10_01_02.png,TSF01WHMEU
333,/2024/05/13/slides_10_01_03.png,slides_10_01_03.png,TSF01WHMEU
334,/2024/05/13/slides_10_02_01.png,slides_10_02_01.png,TSF03CREU
335,/2024/05/13/slides_10_02_02.png,slides_10_02_02.png,TSF03CREU
336,/2024/05/13/slides_10_02_03.png,slides_10_02_03.png,TSF03CREU
337,/2024/05/13/slides_10_03_01.png,slides_10_03_01.png,TSF01RGEU
338,/2024/05/13/slides_10_03_02.png,slides_10_03_02.png,TSF01RGEU
339,/2024/05/13/slides_10_03_03.png,slides_10_03_03.png,TSF01RGEU
340,/2024/05/13/slides_10_04_01.png,slides_10_04_01.png,TSF01CHMEU
341,/2024/05/13/slides_10_04_02.png,slides_10_04_02.png,TSF01CHMEU
342,/2024/05/13/slides_10_04_03.png,slides_10_04_03.png,TSF01CHMEU
343,/2024/05/13/slides_10_05_01.png,slides_10_05_01.png,TSF01PGEU
344,/2024/05/13/slides_10_05_02.png,slides_10_05_02.png,TSF01PGEU
345,/2024/05/13/slides_10_05_03.png,slides_10_05_03.png,TSF01PGEU
346,/2024/05/13/slides_10_06_01.png,slides_10_06_01.png,TSF03PGEU
347,/2024/05/13/slides_10_06_02.png,slides_10_06_02.png,TSF03PGEU
348,/2024/05/13/slides_10_06_03.png,slides_10_06_03.png,TSF03PGEU
349,/2024/05/13/slides_10_07_01.png,slides_10_07_01.png,TSF01PBEU
350,/2024/05/13/slides_10_07_02.png,slides_10_07_02.png,TSF01PBEU
351,/2024/05/13/slides_10_07_03.png,slides_10_07_03.png,TSF01PBEU
352,/2024/05/13/slides_10_08_01.png,slides_10_08_01.png,TSF03PBEU
353,/2024/05/13/slides_10_08_02.png,slides_10_08_02.png,TSF03PBEU
354,/2024/05/13/slides_10_08_03.png,slides_10_08_03.png,TSF03PBEU
355,/2024/05/13/slides_10_09_01.png,slides_10_09_01.png,TSF01PKEU
356,/2024/05/13/slides_10_09_02.png,slides_10_09_02.png,TSF01PKEU
357,/2024/05/13/slides_10_09_03.png,slides_10_09_03.png,TSF01PKEU
358,/2024/05/13/slides_10_10_01.png,slides_10_10_01.png,TSF03PKEU
359,/2024/05/13/slides_10_10_02.png,slides_10_10_02.png,TSF03PKEU
360,/2024/05/13/slides_10_10_03.png,slides_10_10_03.png,TSF03PKEU
361,/2024/05/13/slides_10_11_01.png,slides_10_11_01.png,TSF01RDEU
362,/2024/05/13/slides_10_11_02.png,slides_10_11_02.png,TSF01RDEU
363,/2024/05/13/slides_10_11_03.png,slides_10_11_03.png,TSF01RDEU
364,/2024/05/13/slides_10_12_01.png,slides_10_12_01.png,TSF03RDEU
365,/2024/05/13/slides_10_12_02.png,slides_10_12_02.png,TSF03RDEU
366,/2024/05/13/slides_10_12_03.png,slides_10_12_03.png,TSF03RDEU
367,/2024/05/13/slides_10_13_01.png,slides_10_13_01.png,TSF01UJEU
368,/2024/05/13/slides_10_13_02.png,slides_10_13_02.png,TSF01UJEU
369,/2024/05/13/slides_10_13_03.png,slides_10_13_03.png,TSF01UJEU
370,/2024/05/13/slides_10_14_01.png,slides_10_14_01.png,TSF01BLEU
371,/2024/05/13/slides_10_14_02.png,slides_10_14_02.png,TSF01BLEU
372,/2024/05/13/slides_10_14_03.png,slides_10_14_03.png,TSF01BLEU
373,/2024/05/13/slides_10_15_01.png,slides_10_15_01.png,TSF03BLEU
374,/2024/05/13/slides_10_15_02.png,slides_10_15_02.png,TSF03BLEU
375,/2024/05/13/slides_10_15_03.png,slides_10_15_03.png,TSF03BLEU
376,/2024/05/13/slides_10_16_01.png,slides_10_16_01.png,TSF01BLMEU
377,/2024/05/13/slides_10_16_02.png,slides_10_16_02.png,TSF01BLMEU
378,/2024/05/13/slides_10_16_03.png,slides_10_16_03.png,TSF01BLMEU
379,/2024/05/13/slides_10_17_01.png,slides_10_17_01.png,TSF01WHEU
380,/2024/05/13/slides_10_17_02.png,slides_10_17_02.png,TSF01WHEU
381,/2024/05/13/slides_10_17_03.png,slides_10_17_03.png,TSF01WHEU
382,/2024/05/13/slides_10_18_01.png,slides_10_18_01.png,TSF01GREU
383,/2024/05/13/slides_10_18_02.png,slides_10_18_02.png,TSF01GREU
384,/2024/05/13/slides_10_18_03.png,slides_10_18_03.png,TSF01GREU
385,/2024/05/13/slides_10_19_01.png,slides_10_19_01.png,TSF01CREU
386,/2024/05/13/slides_10_19_02.png,slides_10_19_02.png,TSF01CREU
387,/2024/05/13/slides_10_19_03.png,slides_10_19_03.png,TSF01CREU
388,/2024/05/13/slides_10_20_01.png,slides_10_20_01.png,TSF03WHEU
389,/2024/05/13/slides_10_20_02.png,slides_10_20_02.png,TSF03WHEU
390,/2024/05/13/slides_10_20_03.png,slides_10_20_03.png,TSF03WHEU
391,/2024/05/13/slides_10_21_01.png,slides_10_21_01.png,TSF03SSEU
392,/2024/05/13/slides_10_21_02.png,slides_10_21_02.png,TSF03SSEU
393,/2024/05/13/slides_10_21_03.png,slides_10_21_03.png,TSF03SSEU
394,/2024/05/13/slides_10_22_01.png,slides_10_22_01.png,TSF01GOEU
395,/2024/05/13/slides_10_22_02.png,slides_10_22_02.png,TSF01GOEU
396,/2024/05/13/slides_10_22_03.png,slides_10_22_03.png,TSF01GOEU
397,/2024/05/13/slides_10_23_01.png,slides_10_23_01.png,TSF01SSEU
398,/2024/05/13/slides_10_23_02.png,slides_10_23_02.png,TSF01SSEU
399,/2024/05/13/slides_10_23_03.png,slides_10_23_03.png,TSF01SSEU
400,/2024/05/13/slides_11_01_01.png,slides_11_01_01.png,BLF03CREU
401,/2024/05/13/slides_11_01_02.png,slides_11_01_02.png,BLF03CREU
402,/2024/05/13/slides_11_01_03.png,slides_11_01_03.png,BLF03CREU
403,/2024/05/13/slides_11_02_01.png,slides_11_02_01.png,BLF03PBEU
404,/2024/05/13/slides_11_02_02.png,slides_11_02_02.png,BLF03PBEU
405,/2024/05/13/slides_11_02_03.png,slides_11_02_03.png,BLF03PBEU
406,/2024/05/13/slides_11_03_01.png,slides_11_03_01.png,BLF03BLEU
407,/2024/05/13/slides_11_03_02.png,slides_11_03_02.png,BLF03BLEU
408,/2024/05/13/slides_11_03_03.png,slides_11_03_03.png,BLF03BLEU
409,/2024/05/13/slides_11_04_01.png,slides_11_04_01.png,BLF03PGEU
410,/2024/05/13/slides_11_04_02.png,slides_11_04_02.png,BLF03PGEU
411,/2024/05/13/slides_11_04_03.png,slides_11_04_03.png,BLF03PGEU
